Time, Rain(mm), Latitude, 10.215, Longitude, 77.998,
PERSIANN_1d20170708, 8.020
PERSIANN_1d20170709, 11.950
PERSIANN_1d20170710, 8.690
PERSIANN_1d20170711, 3.830
PERSIANN_1d20170712, 7.140
PERSIANN_1d20170713, 7.010
PERSIANN_1d20170714, 2.690
PERSIANN_1d20170715, 0.000
PERSIANN_1d20170716, 0.200
PERSIANN_1d20170717, 2.660
PERSIANN_1d20170718, 0.880
PERSIANN_1d20170719, 2.260
PERSIANN_1d20170720, 0.000
PERSIANN_1d20170721, 0.000
PERSIANN_1d20170722, 0.000
PERSIANN_1d20170723, 0.000
PERSIANN_1d20170724, 0.000
PERSIANN_1d20170725, 0.000
PERSIANN_1d20170726, 1.030
PERSIANN_1d20170727, 0.220
PERSIANN_1d20170728, 2.020
PERSIANN_1d20170729, 14.670
PERSIANN_1d20170730, 17.410
PERSIANN_1d20170731, 33.250
PERSIANN_1d20170801, 24.890
PERSIANN_1d20170802, 5.500
PERSIANN_1d20170803, 0.000
PERSIANN_1d20170804, 0.000
PERSIANN_1d20170805, 1.110
PERSIANN_1d20170806, 0.000
PERSIANN_1d20170807, 6.590
PERSIANN_1d20170808, 99.750
PERSIANN_1d20170809, 26.200
PERSIANN_1d20170810, 16.630
PERSIANN_1d20170811, 10.340
PERSIANN_1d20170812, 65.900
PERSIANN_1d20170813, 8.210
PERSIANN_1d20170814, 31.530
PERSIANN_1d20170815, 12.400
PERSIANN_1d20170816, 14.080
PERSIANN_1d20170817, 1.670
PERSIANN_1d20170818, 24.630
PERSIANN_1d20170819, 1.230
PERSIANN_1d20170820, 3.630
PERSIANN_1d20170821, 0.000
PERSIANN_1d20170822, 5.890
PERSIANN_1d20170823, 2.520
PERSIANN_1d20170824, 7.570
PERSIANN_1d20170825, 4.220
PERSIANN_1d20170826, 0.000
PERSIANN_1d20170827, 4.530
PERSIANN_1d20170828, 4.180
PERSIANN_1d20170829, 0.770
PERSIANN_1d20170830, 9.070
PERSIANN_1d20170831, 2.620
PERSIANN_1d20170901, 25.770
PERSIANN_1d20170902, 2.940
PERSIANN_1d20170903, 0.000
PERSIANN_1d20170904, 18.380
PERSIANN_1d20170905, 0.000
PERSIANN_1d20170906, 6.700
PERSIANN_1d20170907, 22.540
PERSIANN_1d20170908, 24.800
PERSIANN_1d20170909, 11.730
PERSIANN_1d20170910, 4.790
PERSIANN_1d20170911, 2.680
PERSIANN_1d20170912, 1.240
PERSIANN_1d20170913, 0.000
PERSIANN_1d20170914, 0.000
PERSIANN_1d20170915, 0.000
PERSIANN_1d20170916, 5.030
PERSIANN_1d20170917, 1.590
PERSIANN_1d20170918, 0.000
PERSIANN_1d20170919, 0.000
PERSIANN_1d20170920, 0.000
PERSIANN_1d20170921, 0.000
PERSIANN_1d20170922, 0.000
PERSIANN_1d20170923, 0.000
PERSIANN_1d20170924, 38.390
PERSIANN_1d20170925, 14.410
PERSIANN_1d20170926, 6.900
PERSIANN_1d20170927, 17.750
PERSIANN_1d20170928, 1.420
PERSIANN_1d20170929, 0.430
PERSIANN_1d20170930, 0.000
PERSIANN_1d20171001, 8.470
PERSIANN_1d20171002, 0.000
PERSIANN_1d20171003, 0.000
PERSIANN_1d20171004, 26.840
PERSIANN_1d20171005, 22.700
PERSIANN_1d20171006, 5.930
PERSIANN_1d20171007, 2.450
PERSIANN_1d20171008, 10.410
PERSIANN_1d20171009, 2.970
PERSIANN_1d20171010, 12.170
PERSIANN_1d20171011, 18.570
PERSIANN_1d20171012, 4.180
PERSIANN_1d20171013, 0.900
PERSIANN_1d20171014, 0.760
PERSIANN_1d20171015, 0.000
PERSIANN_1d20171016, 1.690
PERSIANN_1d20171017, 0.500
PERSIANN_1d20171018, 0.000
PERSIANN_1d20171019, 0.000
PERSIANN_1d20171020, 2.860
PERSIANN_1d20171021, 14.300
PERSIANN_1d20171022, 0.000
PERSIANN_1d20171023, 1.570
PERSIANN_1d20171024, 4.590
PERSIANN_1d20171025, 0.290
PERSIANN_1d20171026, 3.870
PERSIANN_1d20171027, 17.270
PERSIANN_1d20171028, 0.000
PERSIANN_1d20171029, 0.000
PERSIANN_1d20171030, 1.700
PERSIANN_1d20171031, 0.000
PERSIANN_1d20171101, 0.000
PERSIANN_1d20171102, 3.590
PERSIANN_1d20171103, 0.000
PERSIANN_1d20171104, 1.730
PERSIANN_1d20171105, 2.270
PERSIANN_1d20171106, 0.000
PERSIANN_1d20171107, 0.000
PERSIANN_1d20171108, 1.250
PERSIANN_1d20171109, 0.000
PERSIANN_1d20171110, 5.260
PERSIANN_1d20171111, 0.310
PERSIANN_1d20171112, 0.000
PERSIANN_1d20171113, 0.000
PERSIANN_1d20171114, 0.000
PERSIANN_1d20171115, 0.000
PERSIANN_1d20171116, 0.830
PERSIANN_1d20171117, 0.000
PERSIANN_1d20171118, 0.000
PERSIANN_1d20171119, 0.000
PERSIANN_1d20171120, 0.000
PERSIANN_1d20171121, 0.910
PERSIANN_1d20171122, 0.570
PERSIANN_1d20171123, 0.000
PERSIANN_1d20171124, 0.840
PERSIANN_1d20171125, 3.830
PERSIANN_1d20171126, 17.250
PERSIANN_1d20171127, 4.000
PERSIANN_1d20171128, 1.100
PERSIANN_1d20171129, 0.000
PERSIANN_1d20171130, 7.810
PERSIANN_1d20171201, 0.000
PERSIANN_1d20171202, 0.850
PERSIANN_1d20171203, 0.000
PERSIANN_1d20171204, 0.000
PERSIANN_1d20171205, 0.000
PERSIANN_1d20171206, 0.000
PERSIANN_1d20171207, 0.000
PERSIANN_1d20171208, 0.000
PERSIANN_1d20171209, 0.000
PERSIANN_1d20171210, 0.000
PERSIANN_1d20171211, 0.000
PERSIANN_1d20171212, 0.000
PERSIANN_1d20171213, 0.000
PERSIANN_1d20171214, 0.000
PERSIANN_1d20171215, 0.000
PERSIANN_1d20171216, 0.000
PERSIANN_1d20171217, 0.000
PERSIANN_1d20171218, 0.000
PERSIANN_1d20171219, 0.000
PERSIANN_1d20171220, 0.000
PERSIANN_1d20171221, 0.000
PERSIANN_1d20171222, 0.000
PERSIANN_1d20171223, 0.000
PERSIANN_1d20171224, 0.000
PERSIANN_1d20171225, 0.000
PERSIANN_1d20171226, 0.000
PERSIANN_1d20171227, 0.000
PERSIANN_1d20171228, 0.000
PERSIANN_1d20171229, 0.000
PERSIANN_1d20171230, 0.000
PERSIANN_1d20171231, 0.000
PERSIANN_1d20180101, 0.000
PERSIANN_1d20180102, 0.000
PERSIANN_1d20180103, 0.000
PERSIANN_1d20180104, 0.000
PERSIANN_1d20180105, 0.000
PERSIANN_1d20180106, 0.000
PERSIANN_1d20180107, 0.000
PERSIANN_1d20180108, 0.000
PERSIANN_1d20180109, 0.000
PERSIANN_1d20180110, 0.000
PERSIANN_1d20180111, 0.000
PERSIANN_1d20180112, 0.000
PERSIANN_1d20180113, 0.220
PERSIANN_1d20180114, 0.000
PERSIANN_1d20180115, 0.000
PERSIANN_1d20180116, 0.000
PERSIANN_1d20180117, 0.000
PERSIANN_1d20180118, 0.000
PERSIANN_1d20180119, 0.000
PERSIANN_1d20180120, 0.000
PERSIANN_1d20180121, 0.000
PERSIANN_1d20180122, 0.000
PERSIANN_1d20180123, 0.000
PERSIANN_1d20180124, 0.000
PERSIANN_1d20180125, 0.000
PERSIANN_1d20180126, 0.000
PERSIANN_1d20180127, 0.000
PERSIANN_1d20180128, 0.000
PERSIANN_1d20180129, 0.000
PERSIANN_1d20180130, 0.000
PERSIANN_1d20180131, 0.000
PERSIANN_1d20180201, 0.000
PERSIANN_1d20180202, 0.000
PERSIANN_1d20180203, 0.000
PERSIANN_1d20180204, 0.000
PERSIANN_1d20180205, 0.000
PERSIANN_1d20180206, 0.000
PERSIANN_1d20180207, 8.460
PERSIANN_1d20180208, 1.220
PERSIANN_1d20180209, 1.360
PERSIANN_1d20180210, 0.000
PERSIANN_1d20180211, 0.000
PERSIANN_1d20180212, 0.000
PERSIANN_1d20180213, 0.000
PERSIANN_1d20180214, 0.000
PERSIANN_1d20180215, 0.000
PERSIANN_1d20180216, 0.000
PERSIANN_1d20180217, 0.000
PERSIANN_1d20180218, 0.000
PERSIANN_1d20180219, 0.000
PERSIANN_1d20180220, 0.000
PERSIANN_1d20180221, 0.000
PERSIANN_1d20180222, 0.000
PERSIANN_1d20180223, 0.000
PERSIANN_1d20180224, 0.000
PERSIANN_1d20180225, 0.000
PERSIANN_1d20180226, 0.000
PERSIANN_1d20180227, 0.000
PERSIANN_1d20180228, 0.000
PERSIANN_1d20180301, 0.000
PERSIANN_1d20180302, 0.000
PERSIANN_1d20180303, 0.000
PERSIANN_1d20180304, 0.000
PERSIANN_1d20180305, 0.000
PERSIANN_1d20180306, 0.000
PERSIANN_1d20180307, 0.000
PERSIANN_1d20180308, 0.000
PERSIANN_1d20180309, 0.340
PERSIANN_1d20180310, 0.000
PERSIANN_1d20180311, 0.000
PERSIANN_1d20180312, 0.000
PERSIANN_1d20180313, 1.750
PERSIANN_1d20180314, 5.610
PERSIANN_1d20180315, 0.000
PERSIANN_1d20180316, 0.720
PERSIANN_1d20180317, 12.870
PERSIANN_1d20180318, 0.250
PERSIANN_1d20180319, 0.000
PERSIANN_1d20180320, 0.000
PERSIANN_1d20180321, 0.000
PERSIANN_1d20180322, 0.000
PERSIANN_1d20180323, 0.320
PERSIANN_1d20180324, 0.000
PERSIANN_1d20180325, 0.000
PERSIANN_1d20180326, 0.000
PERSIANN_1d20180327, 0.000
PERSIANN_1d20180328, 0.000
PERSIANN_1d20180329, 0.000
PERSIANN_1d20180330, 0.000
PERSIANN_1d20180331, 7.020
PERSIANN_1d20180401, 37.410
PERSIANN_1d20180402, 0.340
PERSIANN_1d20180403, 0.000
PERSIANN_1d20180404, 0.000
PERSIANN_1d20180405, 0.000
PERSIANN_1d20180406, 0.500
PERSIANN_1d20180407, 0.000
PERSIANN_1d20180408, 5.490
PERSIANN_1d20180409, 1.870
PERSIANN_1d20180410, 8.120
PERSIANN_1d20180411, 6.870
PERSIANN_1d20180412, 10.920
PERSIANN_1d20180413, 15.840
PERSIANN_1d20180414, 2.580
PERSIANN_1d20180415, 0.000
PERSIANN_1d20180416, 8.410
PERSIANN_1d20180417, 0.000
PERSIANN_1d20180418, 0.000
PERSIANN_1d20180419, 0.000
PERSIANN_1d20180420, 0.000
PERSIANN_1d20180421, 0.000
PERSIANN_1d20180422, 0.000
PERSIANN_1d20180423, 0.000
PERSIANN_1d20180424, 0.000
PERSIANN_1d20180425, 0.000
PERSIANN_1d20180426, 0.000
PERSIANN_1d20180427, 2.390
PERSIANN_1d20180428, 0.000
PERSIANN_1d20180429, 0.000
PERSIANN_1d20180430, 3.740
PERSIANN_1d20180501, 6.830
PERSIANN_1d20180502, 67.540
PERSIANN_1d20180503, 35.910
PERSIANN_1d20180504, 7.300
PERSIANN_1d20180505, 7.950
PERSIANN_1d20180506, 0.640
PERSIANN_1d20180507, 11.080
PERSIANN_1d20180508, 40.730
PERSIANN_1d20180509, 60.460
PERSIANN_1d20180510, 1.460
PERSIANN_1d20180511, 2.980
PERSIANN_1d20180512, 32.690
PERSIANN_1d20180513, 5.420
PERSIANN_1d20180514, 3.830
PERSIANN_1d20180515, 9.460
PERSIANN_1d20180516, 11.890
PERSIANN_1d20180517, 10.160
PERSIANN_1d20180518, 18.210
PERSIANN_1d20180519, 0.500
PERSIANN_1d20180520, 11.640
PERSIANN_1d20180521, 33.240
PERSIANN_1d20180522, 17.280
PERSIANN_1d20180523, 48.930
PERSIANN_1d20180524, 53.870
PERSIANN_1d20180525, 9.400
PERSIANN_1d20180526, 1.420
PERSIANN_1d20180527, 1.910
PERSIANN_1d20180528, 5.790
PERSIANN_1d20180529, 0.000
PERSIANN_1d20180530, 0.000
PERSIANN_1d20180531, 0.000
PERSIANN_1d20180601, 1.750
PERSIANN_1d20180602, 13.050
PERSIANN_1d20180603, 1.060
PERSIANN_1d20180604, 18.870
PERSIANN_1d20180605, 0.200
PERSIANN_1d20180606, 22.840
PERSIANN_1d20180607, 21.260
PERSIANN_1d20180608, 0.000
PERSIANN_1d20180609, 0.000
PERSIANN_1d20180610, 0.000
PERSIANN_1d20180611, 0.930
PERSIANN_1d20180612, 2.090
PERSIANN_1d20180613, 1.260
PERSIANN_1d20180614, 0.730
PERSIANN_1d20180615, 0.000
PERSIANN_1d20180616, 7.420
PERSIANN_1d20180617, 1.260
PERSIANN_1d20180618, 0.000
PERSIANN_1d20180619, 0.000
PERSIANN_1d20180620, 0.000
PERSIANN_1d20180621, 11.400
PERSIANN_1d20180622, 0.000
PERSIANN_1d20180623, 2.050
PERSIANN_1d20180624, 0.320
PERSIANN_1d20180625, 0.000
PERSIANN_1d20180626, 2.120
PERSIANN_1d20180627, 4.320
PERSIANN_1d20180628, 1.290
PERSIANN_1d20180629, 14.320
PERSIANN_1d20180630, 39.010
PERSIANN_1d20180701, 38.510
PERSIANN_1d20180702, 18.680
PERSIANN_1d20180703, 0.000
PERSIANN_1d20180704, 0.000
PERSIANN_1d20180705, 0.000
PERSIANN_1d20180706, 0.000
PERSIANN_1d20180707, 2.780
PERSIANN_1d20180708, 1.200
PERSIANN_1d20180709, 0.750
PERSIANN_1d20180710, 1.980
PERSIANN_1d20180711, 3.090
PERSIANN_1d20180712, 0.000
PERSIANN_1d20180713, 0.240
PERSIANN_1d20180714, 0.000
PERSIANN_1d20180715, 7.450
PERSIANN_1d20180716, 0.000
PERSIANN_1d20180717, 0.000
PERSIANN_1d20180718, 0.000
PERSIANN_1d20180719, 1.200
PERSIANN_1d20180720, 1.080
PERSIANN_1d20180721, 1.450
PERSIANN_1d20180722, 0.000
PERSIANN_1d20180723, 0.000
PERSIANN_1d20180724, 0.690
PERSIANN_1d20180725, 0.490
PERSIANN_1d20180726, 0.000
PERSIANN_1d20180727, 3.900
PERSIANN_1d20180728, 0.000
PERSIANN_1d20180729, 3.160
PERSIANN_1d20180730, 5.010
PERSIANN_1d20180731, 15.740
PERSIANN_1d20180801, 0.000
PERSIANN_1d20180802, 11.550
PERSIANN_1d20180803, 1.680
PERSIANN_1d20180804, 0.000
PERSIANN_1d20180805, 0.000
PERSIANN_1d20180806, 0.000
PERSIANN_1d20180807, 0.000
PERSIANN_1d20180808, 0.000
PERSIANN_1d20180809, 3.200
PERSIANN_1d20180810, 3.870
PERSIANN_1d20180811, 6.710
PERSIANN_1d20180812, 0.220
PERSIANN_1d20180813, 0.000
PERSIANN_1d20180814, 7.510
PERSIANN_1d20180815, 0.680
PERSIANN_1d20180816, 0.000
PERSIANN_1d20180817, 0.000
PERSIANN_1d20180818, 0.000
PERSIANN_1d20180819, 0.000
PERSIANN_1d20180820, 1.370
PERSIANN_1d20180821, 0.000
PERSIANN_1d20180822, 0.000
PERSIANN_1d20180823, 2.680
PERSIANN_1d20180824, 21.720
PERSIANN_1d20180825, 11.850
PERSIANN_1d20180826, 1.200
PERSIANN_1d20180827, 12.670
PERSIANN_1d20180828, 4.010
PERSIANN_1d20180829, 0.590
PERSIANN_1d20180830, 8.740
PERSIANN_1d20180831, 32.000
PERSIANN_1d20180901, 4.940
PERSIANN_1d20180902, 6.320
PERSIANN_1d20180903, 0.000
PERSIANN_1d20180904, 0.000
PERSIANN_1d20180905, 0.000
PERSIANN_1d20180906, 0.000
PERSIANN_1d20180907, 0.000
PERSIANN_1d20180908, 0.000
PERSIANN_1d20180909, 0.770
PERSIANN_1d20180910, 1.680
PERSIANN_1d20180911, 0.000
PERSIANN_1d20180912, 0.000
PERSIANN_1d20180913, 12.130
PERSIANN_1d20180914, 17.380
PERSIANN_1d20180915, 5.240
PERSIANN_1d20180916, 6.140
PERSIANN_1d20180917, 0.000
PERSIANN_1d20180918, 2.610
PERSIANN_1d20180919, 1.500
PERSIANN_1d20180920, 1.730
PERSIANN_1d20180921, 0.000
PERSIANN_1d20180922, 7.730
PERSIANN_1d20180923, 13.970
PERSIANN_1d20180924, 0.500
PERSIANN_1d20180925, 12.560
PERSIANN_1d20180926, 0.000
PERSIANN_1d20180927, 25.170
PERSIANN_1d20180928, 23.110
PERSIANN_1d20180929, 15.870
PERSIANN_1d20180930, 6.420
PERSIANN_1d20181001, 15.180
PERSIANN_1d20181002, 5.170
PERSIANN_1d20181003, 25.130
PERSIANN_1d20181004, 25.800
PERSIANN_1d20181005, 36.150
PERSIANN_1d20181006, 4.830
PERSIANN_1d20181007, 32.280
PERSIANN_1d20181008, 20.640
PERSIANN_1d20181009, 0.740
PERSIANN_1d20181010, 0.000
PERSIANN_1d20181011, 0.000
PERSIANN_1d20181012, 0.000
PERSIANN_1d20181013, 0.000
PERSIANN_1d20181014, 10.870
PERSIANN_1d20181015, 18.110
PERSIANN_1d20181016, 14.360
PERSIANN_1d20181017, 2.840
PERSIANN_1d20181018, 12.070
PERSIANN_1d20181019, 0.000
PERSIANN_1d20181020, 10.020
PERSIANN_1d20181021, 0.000
PERSIANN_1d20181022, 0.000
PERSIANN_1d20181023, 0.000
PERSIANN_1d20181024, 0.000
PERSIANN_1d20181025, 0.000
PERSIANN_1d20181026, 0.000
PERSIANN_1d20181027, 0.000
PERSIANN_1d20181028, 1.180
PERSIANN_1d20181029, 0.920
PERSIANN_1d20181030, 0.000
PERSIANN_1d20181031, 19.210
PERSIANN_1d20181101, 1.210
PERSIANN_1d20181102, 0.230
PERSIANN_1d20181103, 5.090
PERSIANN_1d20181104, 0.000
PERSIANN_1d20181105, 0.000
PERSIANN_1d20181106, 1.880
PERSIANN_1d20181107, 4.550
PERSIANN_1d20181108, 1.180
PERSIANN_1d20181109, 0.000
PERSIANN_1d20181110, 0.000
PERSIANN_1d20181111, 0.000
PERSIANN_1d20181112, 0.000
PERSIANN_1d20181113, 0.000
PERSIANN_1d20181114, 0.000
PERSIANN_1d20181115, 3.110
PERSIANN_1d20181116, 33.500
PERSIANN_1d20181117, 0.000
PERSIANN_1d20181118, 1.980
PERSIANN_1d20181119, 5.660
PERSIANN_1d20181120, 0.310
PERSIANN_1d20181121, 0.000
PERSIANN_1d20181122, 0.000
PERSIANN_1d20181123, 11.030
PERSIANN_1d20181124, 0.000
PERSIANN_1d20181125, 0.000
PERSIANN_1d20181126, 0.000
PERSIANN_1d20181127, 0.000
PERSIANN_1d20181128, 0.000
PERSIANN_1d20181129, 0.690
PERSIANN_1d20181130, 0.000
PERSIANN_1d20181201, 0.000
PERSIANN_1d20181202, 0.000
PERSIANN_1d20181203, 0.000
PERSIANN_1d20181204, 0.000
PERSIANN_1d20181205, 0.000
PERSIANN_1d20181206, 0.000
PERSIANN_1d20181207, 0.000
PERSIANN_1d20181208, 0.000
PERSIANN_1d20181209, 0.000
PERSIANN_1d20181210, 0.000
PERSIANN_1d20181211, 0.000
PERSIANN_1d20181212, 0.000
PERSIANN_1d20181213, 0.000
PERSIANN_1d20181214, 0.000
PERSIANN_1d20181215, 5.740
PERSIANN_1d20181216, 4.770
PERSIANN_1d20181217, 0.000
PERSIANN_1d20181218, 0.000
PERSIANN_1d20181219, 0.590
PERSIANN_1d20181220, 0.600
PERSIANN_1d20181221, 0.000
PERSIANN_1d20181222, 4.620
PERSIANN_1d20181223, 0.000
PERSIANN_1d20181224, 0.000
PERSIANN_1d20181225, 0.000
PERSIANN_1d20181226, 0.000
PERSIANN_1d20181227, 0.000
PERSIANN_1d20181228, 0.000
PERSIANN_1d20181229, 0.000
PERSIANN_1d20181230, 0.000
PERSIANN_1d20181231, 0.000
PERSIANN_1d20190101, 0.000
PERSIANN_1d20190102, 0.000
PERSIANN_1d20190103, 0.000
PERSIANN_1d20190104, 0.000
PERSIANN_1d20190105, 0.000
PERSIANN_1d20190106, 0.000
PERSIANN_1d20190107, 0.000
PERSIANN_1d20190108, 0.000
PERSIANN_1d20190109, 0.000
PERSIANN_1d20190110, 0.000
PERSIANN_1d20190111, 0.000
PERSIANN_1d20190112, 0.000
PERSIANN_1d20190113, 2.590
PERSIANN_1d20190114, 0.000
PERSIANN_1d20190115, 0.000
PERSIANN_1d20190116, 0.000
PERSIANN_1d20190117, 0.000
PERSIANN_1d20190118, 0.000
PERSIANN_1d20190119, 0.000
PERSIANN_1d20190120, 0.000
PERSIANN_1d20190121, 0.270
PERSIANN_1d20190122, 0.000
PERSIANN_1d20190123, 0.000
PERSIANN_1d20190124, 0.000
PERSIANN_1d20190125, 0.000
PERSIANN_1d20190126, 0.000
PERSIANN_1d20190127, 0.000
PERSIANN_1d20190128, 0.000
PERSIANN_1d20190129, 0.000
PERSIANN_1d20190130, 0.000
PERSIANN_1d20190131, 0.000
PERSIANN_1d20190201, 0.000
PERSIANN_1d20190202, 0.000
PERSIANN_1d20190203, 0.000
PERSIANN_1d20190204, 0.000
PERSIANN_1d20190205, 0.000
PERSIANN_1d20190206, 0.000
PERSIANN_1d20190207, 0.000
PERSIANN_1d20190208, 0.000
PERSIANN_1d20190209, 6.100
PERSIANN_1d20190210, 0.000
PERSIANN_1d20190211, 0.000
PERSIANN_1d20190212, 0.000
PERSIANN_1d20190213, 0.000
PERSIANN_1d20190214, 0.000
PERSIANN_1d20190215, 0.000
PERSIANN_1d20190216, 0.000
PERSIANN_1d20190217, 0.000
PERSIANN_1d20190218, 0.000
PERSIANN_1d20190219, 0.000
PERSIANN_1d20190220, 0.000
PERSIANN_1d20190221, 0.000
PERSIANN_1d20190222, 0.000
PERSIANN_1d20190223, 0.000
PERSIANN_1d20190224, 0.000
PERSIANN_1d20190225, 0.000
PERSIANN_1d20190226, 0.000
PERSIANN_1d20190227, 0.000
PERSIANN_1d20190228, 0.000
PERSIANN_1d20190301, 0.000
PERSIANN_1d20190302, 0.000
PERSIANN_1d20190303, 0.000
PERSIANN_1d20190304, 0.000
PERSIANN_1d20190305, 0.000
PERSIANN_1d20190306, 0.000
PERSIANN_1d20190307, 0.000
PERSIANN_1d20190308, 0.000
PERSIANN_1d20190309, 0.000
PERSIANN_1d20190310, 0.000
PERSIANN_1d20190311, 0.000
PERSIANN_1d20190312, 0.000
PERSIANN_1d20190313, 0.000
PERSIANN_1d20190314, 0.000
PERSIANN_1d20190315, 0.000
PERSIANN_1d20190316, 0.000
PERSIANN_1d20190317, 0.000
PERSIANN_1d20190318, 0.000
PERSIANN_1d20190319, 0.000
PERSIANN_1d20190320, 0.000
PERSIANN_1d20190321, 0.000
PERSIANN_1d20190322, 0.000
PERSIANN_1d20190323, 0.000
PERSIANN_1d20190324, 0.000
PERSIANN_1d20190325, 0.000
PERSIANN_1d20190326, 0.000
PERSIANN_1d20190327, 0.000
PERSIANN_1d20190328, 0.000
PERSIANN_1d20190329, 0.000
PERSIANN_1d20190330, 0.000
PERSIANN_1d20190331, 0.000
PERSIANN_1d20190401, 0.000
PERSIANN_1d20190402, 0.000
PERSIANN_1d20190403, 0.000
PERSIANN_1d20190404, 0.000
PERSIANN_1d20190405, 0.000
PERSIANN_1d20190406, 0.000
PERSIANN_1d20190407, 0.000
PERSIANN_1d20190408, 0.000
PERSIANN_1d20190409, 6.940
PERSIANN_1d20190410, 0.000
PERSIANN_1d20190411, 0.000
PERSIANN_1d20190412, 0.000
PERSIANN_1d20190413, 0.000
PERSIANN_1d20190414, 0.000
PERSIANN_1d20190415, 0.000
PERSIANN_1d20190416, 0.240
PERSIANN_1d20190417, 5.570
PERSIANN_1d20190418, 0.000
PERSIANN_1d20190419, 11.900
PERSIANN_1d20190420, 1.700
PERSIANN_1d20190421, 0.000
PERSIANN_1d20190422, 24.400
PERSIANN_1d20190423, 0.000
PERSIANN_1d20190424, 0.000
PERSIANN_1d20190425, 0.000
PERSIANN_1d20190426, 0.000
PERSIANN_1d20190427, 1.880
PERSIANN_1d20190428, 0.000
PERSIANN_1d20190429, 6.990
PERSIANN_1d20190430, 6.850
PERSIANN_1d20190501, 3.820
PERSIANN_1d20190502, 0.000
PERSIANN_1d20190503, 0.000
PERSIANN_1d20190504, 0.000
PERSIANN_1d20190505, 0.000
PERSIANN_1d20190506, 18.030
PERSIANN_1d20190507, 18.360
PERSIANN_1d20190508, 0.000
PERSIANN_1d20190509, 26.030
PERSIANN_1d20190510, 0.000
PERSIANN_1d20190511, 0.000
PERSIANN_1d20190512, 1.030
PERSIANN_1d20190513, 12.910
PERSIANN_1d20190514, 7.100
PERSIANN_1d20190515, 32.820
PERSIANN_1d20190516, 1.540
PERSIANN_1d20190517, 29.490
PERSIANN_1d20190518, 1.980
PERSIANN_1d20190519, 0.000
PERSIANN_1d20190520, 0.000
PERSIANN_1d20190521, 0.000
PERSIANN_1d20190522, 0.000
PERSIANN_1d20190523, 5.610
PERSIANN_1d20190524, 0.950
PERSIANN_1d20190525, 0.320
PERSIANN_1d20190526, 8.980
PERSIANN_1d20190527, 0.000
PERSIANN_1d20190528, 1.520
PERSIANN_1d20190529, 14.800
PERSIANN_1d20190530, 15.770
PERSIANN_1d20190531, 30.710
PERSIANN_1d20190601, 0.000
PERSIANN_1d20190602, 1.210
PERSIANN_1d20190603, 2.100
PERSIANN_1d20190604, 23.930
PERSIANN_1d20190605, 24.270
PERSIANN_1d20190606, 0.000
PERSIANN_1d20190607, 17.610
PERSIANN_1d20190608, 0.000
PERSIANN_1d20190609, 0.000
PERSIANN_1d20190610, 9.910
PERSIANN_1d20190611, 0.000
PERSIANN_1d20190612, 0.000
PERSIANN_1d20190613, 4.880
PERSIANN_1d20190614, 0.000
PERSIANN_1d20190615, 15.680
PERSIANN_1d20190616, 0.000
PERSIANN_1d20190617, 0.000
PERSIANN_1d20190618, 0.000
PERSIANN_1d20190619, 0.210
PERSIANN_1d20190620, 0.000
PERSIANN_1d20190621, 13.730
PERSIANN_1d20190622, 0.000
PERSIANN_1d20190623, 0.000
PERSIANN_1d20190624, 4.960
PERSIANN_1d20190625, 18.390
PERSIANN_1d20190626, 1.330
PERSIANN_1d20190627, 0.320
PERSIANN_1d20190628, 0.000
PERSIANN_1d20190629, 0.000
PERSIANN_1d20190630, 2.390
PERSIANN_1d20190701, 0.000
PERSIANN_1d20190702, 1.750
PERSIANN_1d20190703, 0.000
PERSIANN_1d20190704, 0.000
PERSIANN_1d20190705, 0.000
PERSIANN_1d20190706, 0.000
PERSIANN_1d20190707, 0.000
PERSIANN_1d20190708, 3.590
PERSIANN_1d20190709, 11.970
PERSIANN_1d20190710, 4.090
PERSIANN_1d20190711, 2.720
PERSIANN_1d20190712, 0.360
PERSIANN_1d20190713, 2.240
PERSIANN_1d20190714, 11.410
PERSIANN_1d20190715, 5.450
PERSIANN_1d20190716, 0.000
PERSIANN_1d20190717, 0.000
PERSIANN_1d20190718, 17.600
PERSIANN_1d20190719, 9.230
PERSIANN_1d20190720, 0.000
PERSIANN_1d20190721, 2.750
PERSIANN_1d20190722, 14.810
PERSIANN_1d20190723, 0.000
PERSIANN_1d20190724, 3.240
PERSIANN_1d20190725, 12.870
PERSIANN_1d20190726, 2.700
PERSIANN_1d20190727, 0.000
PERSIANN_1d20190728, 0.620
PERSIANN_1d20190729, 0.800
PERSIANN_1d20190730, 0.960
PERSIANN_1d20190731, 0.000
PERSIANN_1d20190801, 1.230
PERSIANN_1d20190802, 0.200
PERSIANN_1d20190803, 0.250
PERSIANN_1d20190804, 1.890
PERSIANN_1d20190805, 5.160
PERSIANN_1d20190806, 0.000
PERSIANN_1d20190807, 1.190
PERSIANN_1d20190808, 5.040
PERSIANN_1d20190809, 0.250
PERSIANN_1d20190810, 0.000
PERSIANN_1d20190811, 0.000
PERSIANN_1d20190812, 0.000
PERSIANN_1d20190813, 0.540
PERSIANN_1d20190814, 0.960
PERSIANN_1d20190815, 0.000
PERSIANN_1d20190816, 21.080
PERSIANN_1d20190817, 12.680
PERSIANN_1d20190818, 29.050
PERSIANN_1d20190819, 0.790
PERSIANN_1d20190820, 20.170
PERSIANN_1d20190821, 36.340
PERSIANN_1d20190822, 7.290
PERSIANN_1d20190823, 0.000
PERSIANN_1d20190824, 1.050
PERSIANN_1d20190825, 3.290
PERSIANN_1d20190826, 0.000
PERSIANN_1d20190827, 0.000
PERSIANN_1d20190828, 0.000
PERSIANN_1d20190829, 29.040
PERSIANN_1d20190830, 0.000
PERSIANN_1d20190831, 4.170
PERSIANN_1d20190901, 5.460
PERSIANN_1d20190902, 18.520
PERSIANN_1d20190903, 15.140
PERSIANN_1d20190904, 2.100
PERSIANN_1d20190905, 0.000
PERSIANN_1d20190906, 0.000
PERSIANN_1d20190907, 0.000
PERSIANN_1d20190908, 1.010
PERSIANN_1d20190909, 1.560
PERSIANN_1d20190910, 27.390
PERSIANN_1d20190911, 13.790
PERSIANN_1d20190912, 13.470
PERSIANN_1d20190913, 28.370
PERSIANN_1d20190914, 41.870
PERSIANN_1d20190915, 24.530
PERSIANN_1d20190916, 6.970
PERSIANN_1d20190917, 16.340
PERSIANN_1d20190918, 7.050
PERSIANN_1d20190919, 46.490
PERSIANN_1d20190920, 0.530
PERSIANN_1d20190921, 10.480
PERSIANN_1d20190922, 34.280
PERSIANN_1d20190923, 54.270
PERSIANN_1d20190924, 12.480
PERSIANN_1d20190925, 6.480
PERSIANN_1d20190926, 0.000
PERSIANN_1d20190927, 0.000
PERSIANN_1d20190928, 0.290
PERSIANN_1d20190929, 4.680
PERSIANN_1d20190930, 0.950
PERSIANN_1d20191001, 0.950
PERSIANN_1d20191002, 0.000
PERSIANN_1d20191003, 0.000
PERSIANN_1d20191004, 0.000
PERSIANN_1d20191005, 0.720
PERSIANN_1d20191006, 0.000
PERSIANN_1d20191007, 0.000
PERSIANN_1d20191008, 0.000
PERSIANN_1d20191009, 0.000
PERSIANN_1d20191010, 1.440
PERSIANN_1d20191011, 0.610
PERSIANN_1d20191012, 1.500
PERSIANN_1d20191013, 3.680
PERSIANN_1d20191014, 1.430
PERSIANN_1d20191015, 13.880
PERSIANN_1d20191016, 13.490
PERSIANN_1d20191017, 3.070
PERSIANN_1d20191018, 11.570
PERSIANN_1d20191019, 0.530
PERSIANN_1d20191020, 7.300
PERSIANN_1d20191021, 32.540
PERSIANN_1d20191022, 4.250
PERSIANN_1d20191023, 44.350
PERSIANN_1d20191024, 4.000
PERSIANN_1d20191025, 0.000
PERSIANN_1d20191026, 0.000
PERSIANN_1d20191027, 7.390
PERSIANN_1d20191028, 1.850
PERSIANN_1d20191029, 6.850
PERSIANN_1d20191030, 31.460
PERSIANN_1d20191031, 0.250
PERSIANN_1d20191101, 0.000
PERSIANN_1d20191102, 0.330
PERSIANN_1d20191103, 7.470
PERSIANN_1d20191104, 0.000
PERSIANN_1d20191105, 0.000
PERSIANN_1d20191106, 0.000
PERSIANN_1d20191107, 12.690
PERSIANN_1d20191108, 9.260
PERSIANN_1d20191109, 7.520
PERSIANN_1d20191110, 0.000
PERSIANN_1d20191111, 0.000
PERSIANN_1d20191112, 0.280
PERSIANN_1d20191113, 0.000
PERSIANN_1d20191114, 0.000
PERSIANN_1d20191115, 0.000
PERSIANN_1d20191116, 0.000
PERSIANN_1d20191117, 0.000
PERSIANN_1d20191118, 0.000
PERSIANN_1d20191119, 0.000
PERSIANN_1d20191120, 11.380
PERSIANN_1d20191121, 0.000
PERSIANN_1d20191122, 0.400
PERSIANN_1d20191123, 0.000
PERSIANN_1d20191124, 0.000
PERSIANN_1d20191125, 0.000
PERSIANN_1d20191126, 0.000
PERSIANN_1d20191127, 0.000
PERSIANN_1d20191128, 0.000
PERSIANN_1d20191129, 0.520
PERSIANN_1d20191130, 33.060
PERSIANN_1d20191201, 15.540
PERSIANN_1d20191202, 0.000
PERSIANN_1d20191203, 0.000
PERSIANN_1d20191204, 0.000
PERSIANN_1d20191205, 0.000
PERSIANN_1d20191206, 0.000
PERSIANN_1d20191207, 0.000
PERSIANN_1d20191208, 0.000
PERSIANN_1d20191209, 0.000
PERSIANN_1d20191210, 0.000
PERSIANN_1d20191211, 0.000
PERSIANN_1d20191212, 0.000
PERSIANN_1d20191213, 0.000
PERSIANN_1d20191214, 0.000
PERSIANN_1d20191215, 0.670
PERSIANN_1d20191216, 0.000
PERSIANN_1d20191217, 0.000
PERSIANN_1d20191218, 0.000
PERSIANN_1d20191219, 0.000
PERSIANN_1d20191220, 1.370
PERSIANN_1d20191221, 4.180
PERSIANN_1d20191222, 0.000
PERSIANN_1d20191223, 0.000
PERSIANN_1d20191224, 0.000
PERSIANN_1d20191225, 0.000
PERSIANN_1d20191226, 0.000
PERSIANN_1d20191227, 0.000
PERSIANN_1d20191228, 0.000
PERSIANN_1d20191229, 0.000
PERSIANN_1d20191230, 0.000
PERSIANN_1d20191231, 0.000
PERSIANN_1d20200101, 0.000
PERSIANN_1d20200102, 0.000
PERSIANN_1d20200103, 0.000
PERSIANN_1d20200104, 0.000
PERSIANN_1d20200105, 0.000
PERSIANN_1d20200106, 0.000
PERSIANN_1d20200107, 0.000
PERSIANN_1d20200108, 0.000
PERSIANN_1d20200109, 0.000
PERSIANN_1d20200110, 0.000
PERSIANN_1d20200111, 0.000
PERSIANN_1d20200112, 0.000
PERSIANN_1d20200113, 0.000
PERSIANN_1d20200114, 0.000
PERSIANN_1d20200115, 0.000
PERSIANN_1d20200116, 0.000
PERSIANN_1d20200117, 0.000
PERSIANN_1d20200118, 0.000
PERSIANN_1d20200119, 0.000
PERSIANN_1d20200120, 0.000
PERSIANN_1d20200121, 0.000
PERSIANN_1d20200122, 0.000
PERSIANN_1d20200123, 0.000
PERSIANN_1d20200124, 0.000
PERSIANN_1d20200125, 0.000
PERSIANN_1d20200126, 0.000
PERSIANN_1d20200127, 0.000
PERSIANN_1d20200128, 0.000
PERSIANN_1d20200129, 0.000
PERSIANN_1d20200130, 0.000
PERSIANN_1d20200131, 0.000
PERSIANN_1d20200201, 0.000
PERSIANN_1d20200202, 0.000
PERSIANN_1d20200203, 0.000
PERSIANN_1d20200204, 0.000
PERSIANN_1d20200205, 0.000
PERSIANN_1d20200206, 0.000
PERSIANN_1d20200207, 0.000
PERSIANN_1d20200208, 0.000
PERSIANN_1d20200209, 0.000
PERSIANN_1d20200210, 0.000
PERSIANN_1d20200211, 0.000
PERSIANN_1d20200212, 0.000
PERSIANN_1d20200213, 0.000
PERSIANN_1d20200214, 0.000
PERSIANN_1d20200215, 0.000
PERSIANN_1d20200216, 0.000
PERSIANN_1d20200217, 0.000
PERSIANN_1d20200218, 0.000
PERSIANN_1d20200219, 0.000
PERSIANN_1d20200220, 0.000
PERSIANN_1d20200221, 0.000
PERSIANN_1d20200222, 0.000
PERSIANN_1d20200223, 0.000
PERSIANN_1d20200224, 0.000
PERSIANN_1d20200225, 0.000
PERSIANN_1d20200226, 0.000
PERSIANN_1d20200227, 0.000
PERSIANN_1d20200228, 0.000
PERSIANN_1d20200229, 0.000
PERSIANN_1d20200301, 0.000
PERSIANN_1d20200302, 0.000
PERSIANN_1d20200303, 0.000
PERSIANN_1d20200304, 0.000
PERSIANN_1d20200305, 0.000
PERSIANN_1d20200306, 0.000
PERSIANN_1d20200307, 0.000
PERSIANN_1d20200308, 0.000
PERSIANN_1d20200309, 0.000
PERSIANN_1d20200310, 0.000
PERSIANN_1d20200311, 0.330
PERSIANN_1d20200312, 0.000
PERSIANN_1d20200313, 0.000
PERSIANN_1d20200314, 0.000
PERSIANN_1d20200315, 0.000
PERSIANN_1d20200316, 0.000
PERSIANN_1d20200317, 0.000
PERSIANN_1d20200318, 0.000
PERSIANN_1d20200319, 3.590
PERSIANN_1d20200320, 0.000
PERSIANN_1d20200321, 13.630
PERSIANN_1d20200322, 0.000
PERSIANN_1d20200323, 0.000
PERSIANN_1d20200324, 0.000
PERSIANN_1d20200325, 0.000
PERSIANN_1d20200326, 0.000
PERSIANN_1d20200327, 0.000
PERSIANN_1d20200328, 0.000
PERSIANN_1d20200329, 0.000
PERSIANN_1d20200330, 0.000
PERSIANN_1d20200331, 0.000
PERSIANN_1d20200401, 0.000
PERSIANN_1d20200402, 0.000
PERSIANN_1d20200403, 0.000
PERSIANN_1d20200404, 0.000
PERSIANN_1d20200405, 17.310
PERSIANN_1d20200406, 0.250
PERSIANN_1d20200407, 5.620
PERSIANN_1d20200408, 3.320
PERSIANN_1d20200409, 4.070
PERSIANN_1d20200410, 1.510
PERSIANN_1d20200411, 0.000
PERSIANN_1d20200412, 0.000
PERSIANN_1d20200413, 0.000
PERSIANN_1d20200414, 0.000
PERSIANN_1d20200415, 0.000
PERSIANN_1d20200416, 0.000
PERSIANN_1d20200417, 0.000
PERSIANN_1d20200418, 0.000
PERSIANN_1d20200419, 6.370
PERSIANN_1d20200420, 0.000
PERSIANN_1d20200421, 0.000
PERSIANN_1d20200422, 0.000
PERSIANN_1d20200423, 0.000
PERSIANN_1d20200424, 20.800
PERSIANN_1d20200425, 11.140
PERSIANN_1d20200426, 2.140
PERSIANN_1d20200427, 0.000
PERSIANN_1d20200428, 5.900
PERSIANN_1d20200429, 0.000
PERSIANN_1d20200430, 5.370
PERSIANN_1d20200501, 13.120
PERSIANN_1d20200502, 3.620
PERSIANN_1d20200503, 0.000
PERSIANN_1d20200504, 0.000
PERSIANN_1d20200505, 0.000
PERSIANN_1d20200506, 0.690
PERSIANN_1d20200507, 4.560
PERSIANN_1d20200508, 0.450
PERSIANN_1d20200509, 0.000
PERSIANN_1d20200510, 0.940
PERSIANN_1d20200511, 4.430
PERSIANN_1d20200512, 2.020
PERSIANN_1d20200513, 8.860
PERSIANN_1d20200514, 13.380
PERSIANN_1d20200515, 21.660
PERSIANN_1d20200516, 28.800
PERSIANN_1d20200517, 65.330
PERSIANN_1d20200518, 2.820
PERSIANN_1d20200519, 0.000
PERSIANN_1d20200520, 23.120
PERSIANN_1d20200521, 0.000
PERSIANN_1d20200522, 0.000
PERSIANN_1d20200523, 2.300
PERSIANN_1d20200524, 17.750
PERSIANN_1d20200525, 18.300
PERSIANN_1d20200526, 0.000
PERSIANN_1d20200527, 9.210
PERSIANN_1d20200528, 69.840
PERSIANN_1d20200529, 0.000
PERSIANN_1d20200530, 0.000
PERSIANN_1d20200531, 1.100
PERSIANN_1d20200601, 9.850
PERSIANN_1d20200602, 0.000
PERSIANN_1d20200603, 0.000
PERSIANN_1d20200604, 0.000
PERSIANN_1d20200605, 0.000
PERSIANN_1d20200606, 26.270
PERSIANN_1d20200607, 14.800
PERSIANN_1d20200608, 0.720
PERSIANN_1d20200609, 1.140
PERSIANN_1d20200610, 1.940
PERSIANN_1d20200611, 3.970
PERSIANN_1d20200612, 0.000
PERSIANN_1d20200613, 0.000
PERSIANN_1d20200614, 0.000
PERSIANN_1d20200615, 0.000
PERSIANN_1d20200616, 0.000
PERSIANN_1d20200617, 10.870
PERSIANN_1d20200618, 1.700
PERSIANN_1d20200619, 0.570
PERSIANN_1d20200620, 4.290
PERSIANN_1d20200621, 17.740
PERSIANN_1d20200622, 0.560
PERSIANN_1d20200623, 5.780
PERSIANN_1d20200624, 49.500
PERSIANN_1d20200625, 28.080
PERSIANN_1d20200626, 5.690
PERSIANN_1d20200627, 0.000
PERSIANN_1d20200628, 0.000
PERSIANN_1d20200629, 25.850
PERSIANN_1d20200630, 0.000
PERSIANN_1d20200701, 0.220
PERSIANN_1d20200702, 17.560
PERSIANN_1d20200703, 6.860
PERSIANN_1d20200704, 3.560
PERSIANN_1d20200705, 4.190
PERSIANN_1d20200706, 0.790
PERSIANN_1d20200707, 7.520
PERSIANN_1d20200708, 7.580
PERSIANN_1d20200709, 25.480
PERSIANN_1d20200710, 5.830
PERSIANN_1d20200711, 5.450
PERSIANN_1d20200712, 2.390
PERSIANN_1d20200713, 6.160
PERSIANN_1d20200714, 50.450
PERSIANN_1d20200715, 23.130
PERSIANN_1d20200716, 10.400
PERSIANN_1d20200717, 1.280
PERSIANN_1d20200718, 9.420
PERSIANN_1d20200719, 6.910
PERSIANN_1d20200720, 7.930
PERSIANN_1d20200721, 0.660
PERSIANN_1d20200722, 0.000
PERSIANN_1d20200723, 7.650
PERSIANN_1d20200724, 2.080
PERSIANN_1d20200725, 5.910
PERSIANN_1d20200726, 0.000
PERSIANN_1d20200727, 0.000
PERSIANN_1d20200728, 30.010
PERSIANN_1d20200729, 8.780
PERSIANN_1d20200730, 0.000
PERSIANN_1d20200731, 27.690
PERSIANN_1d20200801, 3.420
PERSIANN_1d20200802, 0.000
PERSIANN_1d20200803, 0.440
PERSIANN_1d20200804, 3.270
PERSIANN_1d20200805, 0.760
PERSIANN_1d20200806, 0.520
PERSIANN_1d20200807, 1.950
PERSIANN_1d20200808, 28.710
PERSIANN_1d20200809, 7.960
PERSIANN_1d20200810, 0.330
PERSIANN_1d20200811, 2.200
PERSIANN_1d20200812, 0.000
PERSIANN_1d20200813, 4.010
PERSIANN_1d20200814, 9.390
PERSIANN_1d20200815, 0.000
PERSIANN_1d20200816, 7.630
PERSIANN_1d20200817, 0.000
PERSIANN_1d20200818, 0.510
PERSIANN_1d20200819, 0.000
PERSIANN_1d20200820, 2.580
PERSIANN_1d20200821, 14.190
PERSIANN_1d20200822, 16.960
PERSIANN_1d20200823, 1.320
PERSIANN_1d20200824, 13.750
PERSIANN_1d20200825, 0.870
PERSIANN_1d20200826, 12.960
PERSIANN_1d20200827, 3.030
PERSIANN_1d20200828, 1.880
PERSIANN_1d20200829, 0.000
PERSIANN_1d20200830, 5.800
PERSIANN_1d20200831, 32.280
PERSIANN_1d20200901, 32.320
PERSIANN_1d20200902, 7.650
PERSIANN_1d20200903, 3.950
PERSIANN_1d20200904, 18.930
PERSIANN_1d20200905, 10.970
PERSIANN_1d20200906, 24.830
PERSIANN_1d20200907, 0.000
PERSIANN_1d20200908, 3.970
PERSIANN_1d20200909, 31.240
PERSIANN_1d20200910, 0.000
PERSIANN_1d20200911, 0.000
PERSIANN_1d20200912, 5.780
PERSIANN_1d20200913, 2.610
PERSIANN_1d20200914, 0.000
PERSIANN_1d20200915, 4.120
PERSIANN_1d20200916, 0.000
PERSIANN_1d20200917, 1.120
PERSIANN_1d20200918, 1.360
PERSIANN_1d20200919, 8.170
PERSIANN_1d20200920, 0.670
PERSIANN_1d20200921, 0.280
PERSIANN_1d20200922, 0.300
PERSIANN_1d20200923, 0.000
PERSIANN_1d20200924, 0.480
PERSIANN_1d20200925, 30.490
PERSIANN_1d20200926, 0.430
PERSIANN_1d20200927, 23.160
PERSIANN_1d20200928, 15.190
PERSIANN_1d20200929, 5.400
PERSIANN_1d20200930, 4.450
PERSIANN_1d20201001, 0.000
PERSIANN_1d20201002, 0.000
PERSIANN_1d20201003, 0.000
PERSIANN_1d20201004, 0.000
PERSIANN_1d20201005, 0.000
PERSIANN_1d20201006, 1.640
PERSIANN_1d20201007, 8.610
PERSIANN_1d20201008, 2.010
PERSIANN_1d20201009, 19.960
PERSIANN_1d20201010, 3.050
PERSIANN_1d20201011, 6.780
PERSIANN_1d20201012, 0.000
PERSIANN_1d20201013, 0.000
PERSIANN_1d20201014, 0.000
PERSIANN_1d20201015, 0.000
PERSIANN_1d20201016, 0.000
PERSIANN_1d20201017, 64.220
PERSIANN_1d20201018, 6.250
PERSIANN_1d20201019, 8.840
PERSIANN_1d20201020, 8.270
PERSIANN_1d20201021, 0.000
PERSIANN_1d20201022, 0.260
PERSIANN_1d20201023, 2.660
PERSIANN_1d20201024, 0.000
PERSIANN_1d20201025, 8.590
PERSIANN_1d20201026, 0.000
PERSIANN_1d20201027, 2.320
PERSIANN_1d20201028, 34.180
PERSIANN_1d20201029, 0.000
PERSIANN_1d20201030, 13.390
PERSIANN_1d20201031, 0.000
PERSIANN_1d20201101, 0.000
PERSIANN_1d20201102, 0.000
PERSIANN_1d20201103, 0.000
PERSIANN_1d20201104, 26.550
PERSIANN_1d20201105, 8.550
PERSIANN_1d20201106, 13.920
PERSIANN_1d20201107, 0.000
PERSIANN_1d20201108, 2.490
PERSIANN_1d20201109, 0.000
PERSIANN_1d20201110, 0.000
PERSIANN_1d20201111, 0.640
PERSIANN_1d20201112, 2.040
PERSIANN_1d20201113, 7.290
PERSIANN_1d20201114, 0.000
PERSIANN_1d20201115, 3.490
PERSIANN_1d20201116, 20.460
PERSIANN_1d20201117, 31.460
PERSIANN_1d20201118, 0.000
PERSIANN_1d20201119, 0.360
PERSIANN_1d20201120, 0.000
PERSIANN_1d20201121, 0.000
PERSIANN_1d20201122, 0.000
PERSIANN_1d20201123, 3.190
PERSIANN_1d20201124, 14.770
PERSIANN_1d20201125, 15.200
PERSIANN_1d20201126, 14.500
PERSIANN_1d20201127, 4.020
PERSIANN_1d20201128, 0.340
PERSIANN_1d20201129, 0.000
PERSIANN_1d20201130, 0.000
PERSIANN_1d20201201, 0.210
PERSIANN_1d20201202, 27.680
PERSIANN_1d20201203, 71.710
PERSIANN_1d20201204, 29.010
PERSIANN_1d20201205, 6.580
PERSIANN_1d20201206, 1.990
PERSIANN_1d20201207, 0.000
PERSIANN_1d20201208, 1.810
PERSIANN_1d20201209, 0.000
PERSIANN_1d20201210, 0.000
PERSIANN_1d20201211, 0.000
PERSIANN_1d20201212, 0.000
PERSIANN_1d20201213, 0.000
PERSIANN_1d20201214, 0.000
PERSIANN_1d20201215, 0.420
PERSIANN_1d20201216, 0.610
PERSIANN_1d20201217, 0.790
PERSIANN_1d20201218, 4.370
PERSIANN_1d20201219, 2.780
PERSIANN_1d20201220, 0.000
PERSIANN_1d20201221, 0.000
PERSIANN_1d20201222, 0.000
PERSIANN_1d20201223, 0.000
PERSIANN_1d20201224, 0.000
PERSIANN_1d20201225, 0.000
PERSIANN_1d20201226, 0.000
PERSIANN_1d20201227, 0.000
PERSIANN_1d20201228, 0.000
PERSIANN_1d20201229, 0.000
PERSIANN_1d20201230, 0.000
PERSIANN_1d20201231, 0.700
PERSIANN_1d20210101, 0.000
PERSIANN_1d20210102, 0.000
PERSIANN_1d20210103, 0.000
PERSIANN_1d20210104, 0.000
PERSIANN_1d20210105, 1.180
PERSIANN_1d20210106, 12.100
PERSIANN_1d20210107, 9.500
PERSIANN_1d20210108, 4.400
PERSIANN_1d20210109, 6.290
PERSIANN_1d20210110, 17.920
PERSIANN_1d20210111, 21.000
PERSIANN_1d20210112, 17.440
PERSIANN_1d20210113, 13.540
PERSIANN_1d20210114, 4.000
PERSIANN_1d20210115, 0.000
PERSIANN_1d20210116, 0.000
PERSIANN_1d20210117, 0.000
PERSIANN_1d20210118, 0.000
PERSIANN_1d20210119, 0.000
PERSIANN_1d20210120, 0.000
PERSIANN_1d20210121, 0.000
PERSIANN_1d20210122, 0.000
PERSIANN_1d20210123, 0.000
PERSIANN_1d20210124, 0.000
PERSIANN_1d20210125, 0.000
PERSIANN_1d20210126, 0.000
PERSIANN_1d20210127, 0.000
PERSIANN_1d20210128, 0.000
PERSIANN_1d20210129, 0.000
PERSIANN_1d20210130, 0.000
PERSIANN_1d20210131, 0.000
PERSIANN_1d20210201, 0.000
PERSIANN_1d20210202, 0.000
PERSIANN_1d20210203, 0.000
PERSIANN_1d20210204, 0.000
PERSIANN_1d20210205, 0.000
PERSIANN_1d20210206, 0.000
PERSIANN_1d20210207, 0.000
PERSIANN_1d20210208, 0.000
PERSIANN_1d20210209, 0.000
PERSIANN_1d20210210, 0.000
PERSIANN_1d20210211, 0.000
PERSIANN_1d20210212, 0.000
PERSIANN_1d20210213, 0.000
PERSIANN_1d20210214, 0.000
PERSIANN_1d20210215, 0.000
PERSIANN_1d20210216, 0.000
PERSIANN_1d20210217, 0.000
PERSIANN_1d20210218, 0.000
PERSIANN_1d20210219, 0.000
PERSIANN_1d20210220, 0.000
PERSIANN_1d20210221, 0.000
PERSIANN_1d20210222, 0.000
PERSIANN_1d20210223, 0.000
PERSIANN_1d20210224, 0.000
PERSIANN_1d20210225, 0.000
PERSIANN_1d20210226, 0.000
PERSIANN_1d20210227, 0.000
PERSIANN_1d20210228, 0.000
PERSIANN_1d20210301, 0.000
PERSIANN_1d20210302, 0.000
PERSIANN_1d20210303, 0.000
PERSIANN_1d20210304, 0.000
PERSIANN_1d20210305, 0.000
PERSIANN_1d20210306, 0.000
PERSIANN_1d20210307, 0.000
PERSIANN_1d20210308, 0.000
PERSIANN_1d20210309, 0.000
PERSIANN_1d20210310, 2.630
PERSIANN_1d20210311, 0.000
PERSIANN_1d20210312, 0.000
PERSIANN_1d20210313, 0.000
PERSIANN_1d20210314, 0.000
PERSIANN_1d20210315, 0.000
PERSIANN_1d20210316, 0.000
PERSIANN_1d20210317, 0.000
PERSIANN_1d20210318, 0.000
PERSIANN_1d20210319, 0.000
PERSIANN_1d20210320, 0.000
PERSIANN_1d20210321, 0.000
PERSIANN_1d20210322, 0.000
PERSIANN_1d20210323, 0.000
PERSIANN_1d20210324, 0.000
PERSIANN_1d20210325, 0.000
PERSIANN_1d20210326, 0.000
PERSIANN_1d20210327, 3.750
PERSIANN_1d20210328, 0.000
PERSIANN_1d20210329, 0.000
PERSIANN_1d20210330, 0.000
PERSIANN_1d20210331, 0.000
PERSIANN_1d20210401, 0.000
PERSIANN_1d20210402, 0.000
PERSIANN_1d20210403, 0.000
PERSIANN_1d20210404, 1.760
PERSIANN_1d20210405, 0.000
PERSIANN_1d20210406, 0.000
PERSIANN_1d20210407, 0.000
PERSIANN_1d20210408, 0.000
PERSIANN_1d20210409, 0.000
PERSIANN_1d20210410, 0.000
PERSIANN_1d20210411, 6.730
PERSIANN_1d20210412, 7.420
PERSIANN_1d20210413, 2.800
PERSIANN_1d20210414, 17.520
PERSIANN_1d20210415, 11.690
PERSIANN_1d20210416, 4.600
PERSIANN_1d20210417, 0.000
PERSIANN_1d20210418, 10.680
PERSIANN_1d20210419, 3.790
PERSIANN_1d20210420, 4.830
PERSIANN_1d20210421, 0.000
PERSIANN_1d20210422, 0.000
PERSIANN_1d20210423, 2.740
PERSIANN_1d20210424, 2.590
PERSIANN_1d20210425, 0.610
PERSIANN_1d20210426, 4.800
PERSIANN_1d20210427, 4.740
PERSIANN_1d20210428, 0.000
PERSIANN_1d20210429, 0.740
PERSIANN_1d20210430, 4.120
PERSIANN_1d20210501, 10.210
PERSIANN_1d20210502, 0.000
PERSIANN_1d20210503, 0.750
PERSIANN_1d20210504, 22.470
PERSIANN_1d20210505, 0.000
PERSIANN_1d20210506, 0.000
PERSIANN_1d20210507, 0.490
PERSIANN_1d20210508, 1.590
PERSIANN_1d20210509, 3.610
PERSIANN_1d20210510, 0.230
PERSIANN_1d20210511, 7.100
PERSIANN_1d20210512, 6.650
PERSIANN_1d20210513, 20.270
PERSIANN_1d20210514, 4.320
PERSIANN_1d20210515, 5.750
PERSIANN_1d20210516, 0.000
PERSIANN_1d20210517, 5.270
PERSIANN_1d20210518, 0.000
PERSIANN_1d20210519, 13.890
PERSIANN_1d20210520, 24.180
PERSIANN_1d20210521, 6.820
PERSIANN_1d20210522, 1.170
PERSIANN_1d20210523, 0.000
PERSIANN_1d20210524, 0.000
PERSIANN_1d20210525, 19.580
PERSIANN_1d20210526, 0.590
PERSIANN_1d20210527, 0.000
PERSIANN_1d20210528, 0.000
PERSIANN_1d20210529, 3.540
PERSIANN_1d20210530, 0.000
PERSIANN_1d20210531, 0.000
PERSIANN_1d20210601, 8.990
PERSIANN_1d20210602, 18.320
PERSIANN_1d20210603, 20.950
PERSIANN_1d20210604, 49.730
PERSIANN_1d20210605, 18.040
PERSIANN_1d20210606, 0.570
PERSIANN_1d20210607, 0.000
PERSIANN_1d20210608, 22.140
PERSIANN_1d20210609, 0.000
PERSIANN_1d20210610, 0.000
PERSIANN_1d20210611, 0.200
PERSIANN_1d20210612, 10.340
PERSIANN_1d20210613, 0.320
PERSIANN_1d20210614, 0.000
PERSIANN_1d20210615, 0.000
PERSIANN_1d20210616, 0.000
PERSIANN_1d20210617, 0.240
PERSIANN_1d20210618, 0.800
PERSIANN_1d20210619, 0.000
PERSIANN_1d20210620, 3.810
PERSIANN_1d20210621, 0.470
PERSIANN_1d20210622, 5.490
PERSIANN_1d20210623, 19.050
PERSIANN_1d20210624, 3.280
PERSIANN_1d20210625, 0.000
PERSIANN_1d20210626, 1.040
PERSIANN_1d20210627, 0.000
PERSIANN_1d20210628, 0.000
PERSIANN_1d20210629, 0.330
PERSIANN_1d20210630, 10.300
PERSIANN_1d20210701, 19.400
PERSIANN_1d20210702, 0.590
PERSIANN_1d20210703, 12.760
PERSIANN_1d20210704, 21.000
PERSIANN_1d20210705, 0.470
PERSIANN_1d20210706, 18.310
PERSIANN_1d20210707, 7.720
PERSIANN_1d20210708, 17.580
PERSIANN_1d20210709, 18.100
PERSIANN_1d20210710, 16.210
PERSIANN_1d20210711, 1.450
PERSIANN_1d20210712, 0.000
PERSIANN_1d20210713, 5.640
PERSIANN_1d20210714, 10.020
PERSIANN_1d20210715, 6.510
PERSIANN_1d20210716, 3.000
PERSIANN_1d20210717, 12.950
PERSIANN_1d20210718, 3.740
PERSIANN_1d20210719, 0.000
PERSIANN_1d20210720, 1.760
PERSIANN_1d20210721, 3.070
PERSIANN_1d20210722, 3.260
PERSIANN_1d20210723, 0.000
PERSIANN_1d20210724, 0.000
PERSIANN_1d20210725, 0.770
PERSIANN_1d20210726, 0.000
PERSIANN_1d20210727, 5.400
PERSIANN_1d20210728, 0.670
PERSIANN_1d20210729, 0.000
PERSIANN_1d20210730, 0.000
PERSIANN_1d20210731, 0.000
PERSIANN_1d20210801, 3.040
PERSIANN_1d20210802, 0.000
PERSIANN_1d20210803, 0.000
PERSIANN_1d20210804, 0.000
PERSIANN_1d20210805, 0.000
PERSIANN_1d20210806, 9.620
PERSIANN_1d20210807, 8.050
PERSIANN_1d20210808, 7.200
PERSIANN_1d20210809, 6.520
PERSIANN_1d20210810, 0.210
PERSIANN_1d20210811, 6.010
PERSIANN_1d20210812, 10.960
PERSIANN_1d20210813, 1.290
PERSIANN_1d20210814, 17.720
PERSIANN_1d20210815, 0.890
PERSIANN_1d20210816, 10.320
PERSIANN_1d20210817, 11.380
PERSIANN_1d20210818, 15.600
PERSIANN_1d20210819, 1.210
PERSIANN_1d20210820, 0.730
PERSIANN_1d20210821, 18.110
PERSIANN_1d20210822, 14.030
PERSIANN_1d20210823, 4.640
PERSIANN_1d20210824, 0.000
PERSIANN_1d20210825, 0.000
PERSIANN_1d20210826, 0.000
PERSIANN_1d20210827, 9.840
PERSIANN_1d20210828, 1.580
PERSIANN_1d20210829, 6.440
PERSIANN_1d20210830, 0.000
PERSIANN_1d20210831, 3.350
PERSIANN_1d20210901, 18.750
PERSIANN_1d20210902, 31.690
PERSIANN_1d20210903, 0.400
PERSIANN_1d20210904, 21.900
PERSIANN_1d20210905, 7.540
PERSIANN_1d20210906, 0.000
PERSIANN_1d20210907, 0.450
PERSIANN_1d20210908, 0.000
PERSIANN_1d20210909, 0.460
PERSIANN_1d20210910, 0.000
PERSIANN_1d20210911, 0.000
PERSIANN_1d20210912, 0.000
PERSIANN_1d20210913, 0.000
PERSIANN_1d20210914, 0.000
PERSIANN_1d20210915, 10.960
PERSIANN_1d20210916, 6.760
PERSIANN_1d20210917, 38.220
PERSIANN_1d20210918, 5.680
PERSIANN_1d20210919, 0.000
PERSIANN_1d20210920, 8.900
PERSIANN_1d20210921, 0.310
PERSIANN_1d20210922, 12.670
PERSIANN_1d20210923, 28.520
PERSIANN_1d20210924, 24.560
PERSIANN_1d20210925, 11.840
PERSIANN_1d20210926, 13.000
PERSIANN_1d20210927, 2.720
PERSIANN_1d20210928, 0.000
PERSIANN_1d20210929, 4.420
PERSIANN_1d20210930, 35.080
PERSIANN_1d20211001, 10.550
PERSIANN_1d20211002, 7.690
PERSIANN_1d20211003, 9.260
PERSIANN_1d20211004, 12.780
PERSIANN_1d20211005, 20.660
PERSIANN_1d20211006, 0.430
PERSIANN_1d20211007, 1.650
PERSIANN_1d20211008, 15.820
PERSIANN_1d20211009, 0.210
PERSIANN_1d20211010, 5.250
PERSIANN_1d20211011, 21.250
PERSIANN_1d20211012, 0.620
PERSIANN_1d20211013, 0.000
PERSIANN_1d20211014, 0.310
PERSIANN_1d20211015, 0.000
PERSIANN_1d20211016, 16.290
PERSIANN_1d20211017, 11.550
PERSIANN_1d20211018, 0.990
PERSIANN_1d20211019, 0.000
PERSIANN_1d20211020, 9.610
PERSIANN_1d20211021, 5.290
PERSIANN_1d20211022, 1.250
PERSIANN_1d20211023, 4.800
PERSIANN_1d20211024, 39.650
PERSIANN_1d20211025, 0.290
PERSIANN_1d20211026, 4.420
PERSIANN_1d20211027, 11.680
PERSIANN_1d20211028, 1.370
PERSIANN_1d20211029, 8.890
PERSIANN_1d20211030, 29.740
PERSIANN_1d20211031, 15.630
PERSIANN_1d20211101, 7.240
PERSIANN_1d20211102, 15.010
PERSIANN_1d20211103, 21.180
PERSIANN_1d20211104, 11.010
PERSIANN_1d20211105, 27.100
PERSIANN_1d20211106, 32.490
PERSIANN_1d20211107, 9.170
PERSIANN_1d20211108, 10.710
PERSIANN_1d20211109, 30.780
PERSIANN_1d20211110, 5.890
PERSIANN_1d20211111, 7.420
PERSIANN_1d20211112, 0.320
PERSIANN_1d20211113, 4.540
PERSIANN_1d20211114, 3.580
PERSIANN_1d20211115, 36.030
PERSIANN_1d20211116, 11.510
PERSIANN_1d20211117, 15.120
PERSIANN_1d20211118, 16.640
PERSIANN_1d20211119, 6.960
PERSIANN_1d20211120, 0.000
PERSIANN_1d20211121, 0.000
PERSIANN_1d20211122, 7.680
PERSIANN_1d20211123, 6.190
PERSIANN_1d20211124, 24.420
PERSIANN_1d20211125, 37.810
PERSIANN_1d20211126, 10.670
PERSIANN_1d20211127, 12.330
PERSIANN_1d20211128, 3.340
PERSIANN_1d20211129, 30.600
PERSIANN_1d20211130, 20.160
PERSIANN_1d20211201, 0.380
PERSIANN_1d20211202, 0.000
PERSIANN_1d20211203, 0.000
PERSIANN_1d20211204, 1.930
PERSIANN_1d20211205, 15.180
PERSIANN_1d20211206, 0.000
PERSIANN_1d20211207, 0.000
PERSIANN_1d20211208, 0.000
PERSIANN_1d20211209, 0.000
PERSIANN_1d20211210, 0.000
PERSIANN_1d20211211, 0.000
PERSIANN_1d20211212, 0.000
PERSIANN_1d20211213, 0.000
PERSIANN_1d20211214, 0.000
PERSIANN_1d20211215, 0.000
PERSIANN_1d20211216, 0.000
PERSIANN_1d20211217, 0.000
PERSIANN_1d20211218, 0.000
PERSIANN_1d20211219, 0.000
PERSIANN_1d20211220, 0.000
PERSIANN_1d20211221, 0.000
PERSIANN_1d20211222, 0.000
PERSIANN_1d20211223, 0.000
PERSIANN_1d20211224, 0.000
PERSIANN_1d20211225, 0.000
PERSIANN_1d20211226, 0.000
PERSIANN_1d20211227, 0.000
PERSIANN_1d20211228, 0.000
PERSIANN_1d20211229, 0.000
PERSIANN_1d20211230, 0.000
PERSIANN_1d20211231, 0.000
PERSIANN_1d20220101, 0.000
PERSIANN_1d20220102, 0.000
PERSIANN_1d20220103, 0.000
PERSIANN_1d20220104, 0.000
PERSIANN_1d20220105, 0.000
PERSIANN_1d20220106, 0.000
PERSIANN_1d20220107, 0.000
PERSIANN_1d20220108, 0.000
PERSIANN_1d20220109, 0.000
PERSIANN_1d20220110, 0.000
PERSIANN_1d20220111, 0.000
PERSIANN_1d20220112, 0.000
PERSIANN_1d20220113, 0.000
PERSIANN_1d20220114, 0.000
PERSIANN_1d20220115, 0.000
PERSIANN_1d20220116, 0.000
PERSIANN_1d20220117, 0.000
PERSIANN_1d20220118, 0.000
PERSIANN_1d20220119, 0.000
PERSIANN_1d20220120, 0.000
PERSIANN_1d20220121, 0.000
PERSIANN_1d20220122, 0.000
PERSIANN_1d20220123, 0.000
PERSIANN_1d20220124, 0.000
PERSIANN_1d20220125, 0.000
PERSIANN_1d20220126, 0.000
PERSIANN_1d20220127, 0.000
PERSIANN_1d20220128, 0.000
PERSIANN_1d20220129, 0.000
PERSIANN_1d20220130, 0.000
PERSIANN_1d20220131, 0.000
PERSIANN_1d20220201, 0.000
PERSIANN_1d20220202, 0.000
PERSIANN_1d20220203, 0.000
PERSIANN_1d20220204, 0.000
PERSIANN_1d20220205, 0.000
PERSIANN_1d20220206, 0.000
PERSIANN_1d20220207, 0.000
PERSIANN_1d20220208, 8.290
PERSIANN_1d20220209, 0.000
PERSIANN_1d20220210, 0.000
PERSIANN_1d20220211, 0.200
PERSIANN_1d20220212, 0.000
PERSIANN_1d20220213, 0.000
PERSIANN_1d20220214, 0.000
PERSIANN_1d20220215, 0.000
PERSIANN_1d20220216, 0.000
PERSIANN_1d20220217, 0.000
PERSIANN_1d20220218, 0.000
PERSIANN_1d20220219, 0.000
PERSIANN_1d20220220, 0.000
PERSIANN_1d20220221, 0.000
PERSIANN_1d20220222, 0.000
PERSIANN_1d20220223, 0.000
PERSIANN_1d20220224, 0.000
PERSIANN_1d20220225, 0.000
PERSIANN_1d20220226, 0.000
PERSIANN_1d20220227, 0.000
PERSIANN_1d20220228, 0.000
PERSIANN_1d20220301, 0.000
PERSIANN_1d20220302, 0.530
PERSIANN_1d20220303, 0.000
PERSIANN_1d20220304, 0.000
PERSIANN_1d20220305, 0.000
PERSIANN_1d20220306, 0.000
PERSIANN_1d20220307, 0.000
PERSIANN_1d20220308, 0.000
PERSIANN_1d20220309, 0.000
PERSIANN_1d20220310, 0.000
PERSIANN_1d20220311, 0.000
PERSIANN_1d20220312, 0.000
PERSIANN_1d20220313, 0.000
PERSIANN_1d20220314, 0.000
PERSIANN_1d20220315, 0.000
PERSIANN_1d20220316, 0.000
PERSIANN_1d20220317, 0.300
PERSIANN_1d20220318, 0.000
PERSIANN_1d20220319, 0.000
PERSIANN_1d20220320, 6.050
PERSIANN_1d20220321, 0.000
PERSIANN_1d20220322, 0.000
PERSIANN_1d20220323, 0.000
PERSIANN_1d20220324, 0.490
PERSIANN_1d20220325, 0.000
PERSIANN_1d20220326, 0.000
PERSIANN_1d20220327, 0.000
PERSIANN_1d20220328, 0.000
PERSIANN_1d20220329, 0.000
PERSIANN_1d20220330, 0.000
PERSIANN_1d20220331, 0.000
PERSIANN_1d20220401, 0.000
PERSIANN_1d20220402, 0.000
PERSIANN_1d20220403, 0.000
PERSIANN_1d20220404, 0.000
PERSIANN_1d20220405, 0.000
PERSIANN_1d20220406, 3.650
PERSIANN_1d20220407, 0.000
PERSIANN_1d20220408, 24.260
PERSIANN_1d20220409, 40.540
PERSIANN_1d20220410, 4.260
PERSIANN_1d20220411, 27.250
PERSIANN_1d20220412, 40.390
PERSIANN_1d20220413, 17.310
PERSIANN_1d20220414, 0.000
PERSIANN_1d20220415, 2.760
PERSIANN_1d20220416, 2.120
PERSIANN_1d20220417, 21.000
PERSIANN_1d20220418, 5.980
PERSIANN_1d20220419, 0.000
PERSIANN_1d20220420, 0.000
PERSIANN_1d20220421, 0.210
PERSIANN_1d20220422, 6.560
PERSIANN_1d20220423, 2.720
PERSIANN_1d20220424, 0.000
PERSIANN_1d20220425, 0.000
PERSIANN_1d20220426, 0.000
PERSIANN_1d20220427, 0.000
PERSIANN_1d20220428, 0.000
PERSIANN_1d20220429, 0.000
PERSIANN_1d20220430, 0.000
PERSIANN_1d20220501, 18.290
PERSIANN_1d20220502, 0.000
PERSIANN_1d20220503, 2.240
PERSIANN_1d20220504, 22.240
PERSIANN_1d20220505, 0.000
PERSIANN_1d20220506, 0.000
PERSIANN_1d20220507, 3.000
PERSIANN_1d20220508, 5.240
PERSIANN_1d20220509, 2.640
PERSIANN_1d20220510, 4.270
PERSIANN_1d20220511, 0.790
PERSIANN_1d20220512, 0.000
PERSIANN_1d20220513, 1.510
PERSIANN_1d20220514, 4.860
PERSIANN_1d20220515, 9.350
PERSIANN_1d20220516, 7.860
PERSIANN_1d20220517, 0.210
PERSIANN_1d20220518, 0.000
PERSIANN_1d20220519, 0.000
PERSIANN_1d20220520, 0.000
PERSIANN_1d20220521, 0.000
PERSIANN_1d20220522, 0.000
PERSIANN_1d20220523, 1.140
PERSIANN_1d20220524, 26.610
PERSIANN_1d20220525, 18.180
PERSIANN_1d20220526, 10.010
PERSIANN_1d20220527, 3.020
PERSIANN_1d20220528, 12.880
PERSIANN_1d20220529, 9.780
PERSIANN_1d20220530, 1.700
PERSIANN_1d20220531, 0.850
PERSIANN_1d20220601, 0.000
PERSIANN_1d20220602, 4.670
PERSIANN_1d20220603, 0.260
PERSIANN_1d20220604, 0.000
PERSIANN_1d20220605, 27.350
PERSIANN_1d20220606, 26.550
PERSIANN_1d20220607, 6.720
PERSIANN_1d20220608, 7.560
PERSIANN_1d20220609, 13.830
PERSIANN_1d20220610, 16.030
PERSIANN_1d20220611, 0.000
PERSIANN_1d20220612, 7.400
PERSIANN_1d20220613, 0.640
PERSIANN_1d20220614, 1.710
PERSIANN_1d20220615, 8.060
PERSIANN_1d20220616, 23.960
PERSIANN_1d20220617, 0.960
PERSIANN_1d20220618, 4.210
PERSIANN_1d20220619, 2.920
PERSIANN_1d20220620, 0.000
PERSIANN_1d20220621, 5.700
PERSIANN_1d20220622, 0.820
PERSIANN_1d20220623, 4.450
PERSIANN_1d20220624, 2.300
PERSIANN_1d20220625, 0.940
PERSIANN_1d20220626, 0.000
PERSIANN_1d20220627, 0.000
PERSIANN_1d20220628, 0.000
PERSIANN_1d20220629, 0.000
PERSIANN_1d20220630, 5.290
PERSIANN_1d20220701, 0.000
PERSIANN_1d20220702, 0.000
PERSIANN_1d20220703, 1.650
PERSIANN_1d20220704, 0.000
PERSIANN_1d20220705, 1.050
PERSIANN_1d20220706, 0.400
PERSIANN_1d20220707, 1.220
PERSIANN_1d20220708, 0.210
PERSIANN_1d20220709, 2.290
PERSIANN_1d20220710, 0.000
PERSIANN_1d20220711, 0.300
PERSIANN_1d20220712, 1.050
PERSIANN_1d20220713, 0.780
PERSIANN_1d20220714, 0.510
PERSIANN_1d20220715, 0.000
PERSIANN_1d20220716, 0.530
PERSIANN_1d20220717, 26.970
PERSIANN_1d20220718, 4.810
PERSIANN_1d20220719, 10.080
PERSIANN_1d20220720, 6.030
PERSIANN_1d20220721, 36.150
PERSIANN_1d20220722, 18.150
PERSIANN_1d20220723, 32.430
PERSIANN_1d20220724, 12.580
PERSIANN_1d20220725, 28.190
PERSIANN_1d20220726, 19.230
PERSIANN_1d20220727, 6.090
PERSIANN_1d20220728, 3.310
PERSIANN_1d20220729, 2.000
PERSIANN_1d20220730, 30.600
PERSIANN_1d20220731, 20.130
PERSIANN_1d20220801, 1.650
PERSIANN_1d20220802, 11.100
PERSIANN_1d20220803, 19.200
PERSIANN_1d20220804, 19.780
PERSIANN_1d20220805, 4.190
PERSIANN_1d20220806, 0.000
PERSIANN_1d20220807, 2.050
PERSIANN_1d20220808, 4.590
PERSIANN_1d20220809, 2.030
PERSIANN_1d20220810, 0.810
PERSIANN_1d20220811, 0.000
PERSIANN_1d20220812, 0.000
PERSIANN_1d20220813, 0.660
PERSIANN_1d20220814, 0.480
PERSIANN_1d20220815, 0.000
PERSIANN_1d20220816, 0.000
PERSIANN_1d20220817, 4.130
PERSIANN_1d20220818, 18.170
PERSIANN_1d20220819, 5.380
PERSIANN_1d20220820, 0.250
PERSIANN_1d20220821, 12.070
PERSIANN_1d20220822, 22.510
PERSIANN_1d20220823, 13.710
PERSIANN_1d20220824, 1.600
PERSIANN_1d20220825, 21.270
PERSIANN_1d20220826, 46.650
PERSIANN_1d20220827, 6.790
PERSIANN_1d20220828, 17.740
PERSIANN_1d20220829, 25.000
PERSIANN_1d20220830, 13.360
PERSIANN_1d20220831, 14.370
PERSIANN_1d20220901, 7.410
PERSIANN_1d20220902, 1.530
PERSIANN_1d20220903, 0.000
PERSIANN_1d20220904, 32.900
PERSIANN_1d20220905, 14.770
PERSIANN_1d20220906, 25.970
PERSIANN_1d20220907, 13.750
PERSIANN_1d20220908, 0.000
PERSIANN_1d20220909, 0.000
PERSIANN_1d20220910, 4.850
PERSIANN_1d20220911, 0.000
PERSIANN_1d20220912, 0.000
PERSIANN_1d20220913, 0.000
PERSIANN_1d20220914, 0.000
PERSIANN_1d20220915, 0.000
PERSIANN_1d20220916, 0.000
PERSIANN_1d20220917, 0.280
PERSIANN_1d20220918, 16.650
PERSIANN_1d20220919, 0.850
PERSIANN_1d20220920, 0.000
PERSIANN_1d20220921, 0.000
PERSIANN_1d20220922, 0.000
PERSIANN_1d20220923, 0.000
PERSIANN_1d20220924, 0.000
PERSIANN_1d20220925, 5.830
PERSIANN_1d20220926, 0.220
PERSIANN_1d20220927, 0.000
PERSIANN_1d20220928, 0.850
PERSIANN_1d20220929, 0.000
PERSIANN_1d20220930, 0.710
PERSIANN_1d20221001, 1.660
PERSIANN_1d20221002, 2.000
PERSIANN_1d20221003, 0.000
PERSIANN_1d20221004, 0.600
PERSIANN_1d20221005, 8.500
PERSIANN_1d20221006, 5.830
PERSIANN_1d20221007, 6.240
PERSIANN_1d20221008, 34.330
PERSIANN_1d20221009, 37.260
PERSIANN_1d20221010, 12.600
PERSIANN_1d20221011, 1.490
PERSIANN_1d20221012, 12.200
PERSIANN_1d20221013, 1.120
PERSIANN_1d20221014, 27.510
PERSIANN_1d20221015, 21.690
PERSIANN_1d20221016, 3.340
PERSIANN_1d20221017, 29.470
PERSIANN_1d20221018, 8.010
PERSIANN_1d20221019, 6.510
PERSIANN_1d20221020, 22.360
PERSIANN_1d20221021, 3.710
PERSIANN_1d20221022, 0.630
PERSIANN_1d20221023, 4.100
PERSIANN_1d20221024, 2.080
PERSIANN_1d20221025, 0.000
PERSIANN_1d20221026, 0.000
PERSIANN_1d20221027, 0.000
PERSIANN_1d20221028, 0.000
PERSIANN_1d20221029, 0.000
PERSIANN_1d20221030, 0.000
PERSIANN_1d20221031, 6.140
PERSIANN_1d20221101, 2.410
PERSIANN_1d20221102, 38.940
PERSIANN_1d20221103, 3.910
PERSIANN_1d20221104, 0.000
PERSIANN_1d20221105, 0.480
PERSIANN_1d20221106, 5.080
PERSIANN_1d20221107, 0.000
PERSIANN_1d20221108, 3.800
PERSIANN_1d20221109, 0.730
PERSIANN_1d20221110, 4.040
PERSIANN_1d20221111, 28.780
PERSIANN_1d20221112, 5.630
PERSIANN_1d20221113, 7.510
PERSIANN_1d20221114, 6.520
PERSIANN_1d20221115, 0.220
PERSIANN_1d20221116, 0.000
PERSIANN_1d20221117, 0.560
PERSIANN_1d20221118, 0.230
PERSIANN_1d20221119, 2.800
PERSIANN_1d20221120, 0.000
PERSIANN_1d20221121, 0.000
PERSIANN_1d20221122, 0.000
PERSIANN_1d20221123, 0.000
PERSIANN_1d20221124, 0.000
PERSIANN_1d20221125, 0.000
PERSIANN_1d20221126, 0.000
PERSIANN_1d20221127, 0.000
PERSIANN_1d20221128, 0.250
PERSIANN_1d20221129, 0.000
PERSIANN_1d20221130, 0.000
PERSIANN_1d20221201, 0.000
PERSIANN_1d20221202, 0.000
PERSIANN_1d20221203, 7.680
PERSIANN_1d20221204, 7.130
PERSIANN_1d20221205, 0.000
PERSIANN_1d20221206, 6.520
PERSIANN_1d20221207, 11.390
PERSIANN_1d20221208, 15.050
PERSIANN_1d20221209, 7.330
PERSIANN_1d20221210, 0.000
PERSIANN_1d20221211, 0.000
PERSIANN_1d20221212, 2.110
PERSIANN_1d20221213, 1.360
PERSIANN_1d20221214, 0.000
PERSIANN_1d20221215, 0.000
PERSIANN_1d20221216, 0.000
PERSIANN_1d20221217, 0.000
PERSIANN_1d20221218, 0.000
PERSIANN_1d20221219, 0.000
PERSIANN_1d20221220, 0.000
PERSIANN_1d20221221, 0.000
PERSIANN_1d20221222, 0.000
PERSIANN_1d20221223, 0.000
PERSIANN_1d20221224, 0.000
PERSIANN_1d20221225, 3.490
PERSIANN_1d20221226, 0.000
PERSIANN_1d20221227, 0.000
PERSIANN_1d20221228, 0.000
PERSIANN_1d20221229, 0.000
PERSIANN_1d20221230, 0.000
PERSIANN_1d20221231, 0.000
PERSIANN_1d20230101, 0.000
PERSIANN_1d20230102, 0.000
PERSIANN_1d20230103, 0.000
PERSIANN_1d20230104, 0.000
PERSIANN_1d20230105, 0.000
PERSIANN_1d20230106, 0.000
PERSIANN_1d20230107, 0.000
PERSIANN_1d20230108, 0.000
PERSIANN_1d20230109, 0.000
PERSIANN_1d20230110, 0.000
PERSIANN_1d20230111, 0.000
PERSIANN_1d20230112, 0.000
PERSIANN_1d20230113, 0.000
PERSIANN_1d20230114, 0.000
PERSIANN_1d20230115, 0.000
PERSIANN_1d20230116, 0.000
PERSIANN_1d20230117, 0.000
PERSIANN_1d20230118, 0.000
PERSIANN_1d20230119, 0.000
PERSIANN_1d20230120, 0.000
PERSIANN_1d20230121, 0.380
PERSIANN_1d20230122, 0.000
PERSIANN_1d20230123, 0.000
PERSIANN_1d20230124, 0.000
PERSIANN_1d20230125, 0.000
PERSIANN_1d20230126, 0.000
PERSIANN_1d20230127, 0.000
PERSIANN_1d20230128, 0.000
PERSIANN_1d20230129, 0.000
PERSIANN_1d20230130, 0.000
PERSIANN_1d20230131, 0.000
PERSIANN_1d20230201, 0.000
PERSIANN_1d20230202, 18.180
PERSIANN_1d20230203, 1.200
PERSIANN_1d20230204, 0.000
PERSIANN_1d20230205, 0.000
PERSIANN_1d20230206, 1.670
PERSIANN_1d20230207, 0.000
PERSIANN_1d20230208, 0.000
PERSIANN_1d20230209, 0.000
PERSIANN_1d20230210, 0.000
PERSIANN_1d20230211, 0.000
PERSIANN_1d20230212, 0.000
PERSIANN_1d20230213, 0.000
PERSIANN_1d20230214, 0.000
PERSIANN_1d20230215, 0.000
PERSIANN_1d20230216, 0.000
PERSIANN_1d20230217, 0.000
PERSIANN_1d20230218, 0.000
PERSIANN_1d20230219, 0.000
PERSIANN_1d20230220, 0.000
PERSIANN_1d20230221, 0.000
PERSIANN_1d20230222, 0.000
PERSIANN_1d20230223, 0.000
PERSIANN_1d20230224, 0.000
PERSIANN_1d20230225, 0.000
PERSIANN_1d20230226, 0.000
PERSIANN_1d20230227, 0.000
PERSIANN_1d20230228, 0.000
PERSIANN_1d20230301, 0.000
PERSIANN_1d20230302, 0.000
PERSIANN_1d20230303, 0.000
PERSIANN_1d20230304, 0.000
PERSIANN_1d20230305, 0.000
PERSIANN_1d20230306, 0.000
PERSIANN_1d20230307, 0.000
PERSIANN_1d20230308, 0.000
PERSIANN_1d20230309, 0.000
PERSIANN_1d20230310, 0.000
PERSIANN_1d20230311, 0.000
PERSIANN_1d20230312, 0.000
PERSIANN_1d20230313, 0.000
PERSIANN_1d20230314, 0.000
PERSIANN_1d20230315, 4.730
PERSIANN_1d20230316, 3.670
PERSIANN_1d20230317, 5.570
PERSIANN_1d20230318, 0.000
PERSIANN_1d20230319, 0.000
PERSIANN_1d20230320, 0.000
PERSIANN_1d20230321, 12.750
PERSIANN_1d20230322, 0.000
PERSIANN_1d20230323, 11.950
PERSIANN_1d20230324, 0.490
PERSIANN_1d20230325, 0.000
PERSIANN_1d20230326, 0.000
PERSIANN_1d20230327, 0.000
PERSIANN_1d20230328, 9.140
PERSIANN_1d20230329, 0.210
PERSIANN_1d20230330, 0.000
PERSIANN_1d20230331, 0.000
PERSIANN_1d20230401, 0.000
PERSIANN_1d20230402, 0.000
PERSIANN_1d20230403, 0.000
PERSIANN_1d20230404, 0.000
PERSIANN_1d20230405, 0.000
PERSIANN_1d20230406, 0.500
PERSIANN_1d20230407, 0.000
PERSIANN_1d20230408, 0.000
PERSIANN_1d20230409, 0.000
PERSIANN_1d20230410, 0.000
PERSIANN_1d20230411, 0.000
PERSIANN_1d20230412, 0.000
PERSIANN_1d20230413, 0.000
PERSIANN_1d20230414, 0.000
PERSIANN_1d20230415, 0.000
PERSIANN_1d20230416, 0.000
PERSIANN_1d20230417, 0.000
PERSIANN_1d20230418, 0.000
PERSIANN_1d20230419, 1.020
PERSIANN_1d20230420, 0.000
PERSIANN_1d20230421, 3.370
PERSIANN_1d20230422, 9.410
PERSIANN_1d20230423, 27.570
PERSIANN_1d20230424, 7.520
PERSIANN_1d20230425, 21.930
PERSIANN_1d20230426, 7.300
PERSIANN_1d20230427, 4.370
PERSIANN_1d20230428, 0.000
PERSIANN_1d20230429, 4.990
PERSIANN_1d20230430, 0.000
PERSIANN_1d20230501, 33.490
PERSIANN_1d20230502, 15.680
PERSIANN_1d20230503, 30.550
PERSIANN_1d20230504, 33.680
PERSIANN_1d20230505, 2.670
PERSIANN_1d20230506, 13.540
PERSIANN_1d20230507, 1.180
PERSIANN_1d20230508, 21.000
PERSIANN_1d20230509, 23.660
PERSIANN_1d20230510, 0.970
PERSIANN_1d20230511, 26.430
PERSIANN_1d20230512, 0.000
PERSIANN_1d20230513, 0.000
PERSIANN_1d20230514, 0.000
PERSIANN_1d20230515, 0.000
PERSIANN_1d20230516, 0.000
PERSIANN_1d20230517, 0.000
PERSIANN_1d20230518, 5.310
PERSIANN_1d20230519, 0.000
PERSIANN_1d20230520, 0.000
PERSIANN_1d20230521, 0.000
PERSIANN_1d20230522, 4.010
PERSIANN_1d20230523, 0.000
PERSIANN_1d20230524, 7.050
PERSIANN_1d20230525, 0.000
PERSIANN_1d20230526, 1.030
PERSIANN_1d20230527, 1.430
PERSIANN_1d20230528, 1.050
PERSIANN_1d20230529, 13.990
PERSIANN_1d20230530, 2.190
PERSIANN_1d20230531, 12.200
PERSIANN_1d20230601, 0.000
PERSIANN_1d20230602, 0.990
PERSIANN_1d20230603, 7.960
PERSIANN_1d20230604, 12.200
PERSIANN_1d20230605, 4.400
PERSIANN_1d20230606, 2.340
PERSIANN_1d20230607, 9.980
PERSIANN_1d20230608, 0.000
PERSIANN_1d20230609, 0.000
PERSIANN_1d20230610, 6.450
PERSIANN_1d20230611, 1.070
PERSIANN_1d20230612, 11.070
PERSIANN_1d20230613, 4.160
PERSIANN_1d20230614, 0.000
PERSIANN_1d20230615, 0.000
PERSIANN_1d20230616, 0.000
PERSIANN_1d20230617, 3.390
PERSIANN_1d20230618, 9.680
PERSIANN_1d20230619, 1.260
PERSIANN_1d20230620, 12.600
PERSIANN_1d20230621, 13.200
PERSIANN_1d20230622, 12.470
PERSIANN_1d20230623, 2.440
PERSIANN_1d20230624, 0.000
PERSIANN_1d20230625, 2.910
PERSIANN_1d20230626, 0.340
PERSIANN_1d20230627, 6.230
PERSIANN_1d20230628, 0.000
PERSIANN_1d20230629, 11.100
PERSIANN_1d20230630, 2.900
PERSIANN_1d20230701, 1.740
PERSIANN_1d20230702, 10.800
PERSIANN_1d20230703, 11.200
PERSIANN_1d20230704, 6.240
PERSIANN_1d20230705, 0.000
PERSIANN_1d20230706, 19.300
PERSIANN_1d20230707, 4.440
PERSIANN_1d20230708, 4.880
